filename,index.html
{{{2_components/sidebar.html0}}},collapse show
{{{2_components/sidebar.html1}}},collapse
{{{2_components/sidebar.html2}}},collapse
{{{2_components/sidebar.html3}}},collapse
{{{2_components/sidebar.html4}}},collapse
{{{2_components/sidebar.html5}}},collapse
{{{2_components/sidebar.html6}}},collapse
{{{2_components/sidebar.html7}}},collapse
{{{2_components/sidebar.html8}}},collapse
{{{2_components/sidebar.html9}}},collapse
{{{2_components/sidebar.html10}}},collapse
{{{2_components/sidebar.html11}}},collapse
{{{2_components/sidebar.html12}}},collapse
{{{2_components/sidebar.html13}}},collapse
{{{2_components/sidebar.html14}}},collapse
{{{2_components/sidebar.html15}}},collapse
{{{2_components/sidebar.html16}}},collapse
{{{2_components/sidebar.html17}}},collapse
{{{2_components/sidebar.html18}}},collapse
{{{2_components/sidebar.html19}}},collapse
{{{2_components/sidebar.html20}}},collapse
{{{2_components/sidebar.html21}}},collapse
{{{2_components/sidebar.html22}}},collapse
{{{2_components/sidebar.html23}}},collapse
{{{2_components/sidebar.html24}}},collapse
{{{2_components/sidebar.html25}}},collapse
{{{2_components/sidebar.html26}}},collapse
{{{2_components/sidebar.html27}}},collapse
{{{2_components/sidebar.html28}}},collapse
{{{2_components/sidebar.html29}}},collapse
{{{2_components/sidebar.html30}}},collapse
{{{2_components/sidebar.html31}}},collapse
{{{2_components/sidebar.html32}}},collapse
{{{2_components/sidebar.html33}}},collapse
{{{2_components/sidebar.html34}}},collapse
{{{2_components/sidebar.html35}}},collapse
{{{2_components/sidebar.html36}}},collapse
{{{2_components/sidebar.html37}}},collapse
{{{2_components/sidebar.html38}}},collapse
{{{2_components/sidebar.html39}}},collapse
{{{2_components/sidebar.html40}}},collapse
{{{2_components/sidebar.html41}}},collapse
{{{2_components/sidebar.html42}}},collapse
{{{2_components/sidebar.html43}}},collapse
{{{2_components/sidebar.html44}}},collapse
{{{2_components/sidebar.html45}}},collapse
{{{2_components/sidebar.html46}}},collapse
{{{2_components/sidebar.html47}}},collapse
{{{2_components/sidebar.html48}}},collapse
